"","Year","Value"
"1",188001,-0.01
"2",188002,-0.27
"3",188003,-0.3
"4",188004,-0.07
"5",188005,0.03
"6",188006,-0.06
"7",188007,-0.16
"8",188008,-0.17
"9",188009,-0.18
"10",188010,-0.31
"11",188011,-0.53
"12",188012,-0.17
"13",188101,0
"14",188102,-0.05
"15",188103,-0.02
"16",188104,0.04
"17",188105,0
"18",188106,-0.13
"19",188107,-0.04
"20",188108,-0.03
"21",188109,-0.27
"22",188110,-0.4
"23",188111,-0.44
"24",188112,-0.18
"25",188201,0.13
"26",188202,0
"27",188203,0.02
"28",188204,-0.34
"29",188205,-0.29
"30",188206,-0.22
"31",188207,-0.12
"32",188208,0.02
"33",188209,0.05
"34",188210,-0.42
"35",188211,-0.22
"36",188212,-0.25
"37",188301,-0.56
"38",188302,-0.54
"39",188303,-0.22
"40",188304,-0.3
"41",188305,-0.2
"42",188306,-0.05
"43",188307,-0.12
"44",188308,-0.1
"45",188309,-0.19
"46",188310,-0.22
"47",188311,-0.29
"48",188312,-0.05
"49",188401,-0.15
"50",188402,-0.21
"51",188403,-0.4
"52",188404,-0.32
"53",188405,-0.15
"54",188406,-0.26
"55",188407,-0.41
"56",188408,-0.43
"57",188409,-0.38
"58",188410,-0.28
"59",188411,-0.43
"60",188412,-0.17
"61",188501,-0.7
"62",188502,-0.36
"63",188503,-0.08
"64",188504,-0.3
"65",188505,-0.32
"66",188506,-0.36
"67",188507,-0.28
"68",188508,-0.37
"69",188509,-0.26
"70",188510,-0.15
"71",188511,-0.09
"72",188512,0.17
"73",188601,-0.1
"74",188602,-0.37
"75",188603,-0.39
"76",188604,-0.18
"77",188605,-0.2
"78",188606,-0.25
"79",188607,-0.17
"80",188608,-0.32
"81",188609,-0.3
"82",188610,-0.27
"83",188611,-0.24
"84",188612,-0.03
"85",188701,-0.57
"86",188702,-0.45
"87",188703,-0.11
"88",188704,-0.14
"89",188705,-0.19
"90",188706,-0.19
"91",188707,-0.29
"92",188708,-0.41
"93",188709,-0.1
"94",188710,-0.36
"95",188711,-0.06
"96",188712,-0.09
"97",188801,-0.47
"98",188802,-0.36
"99",188803,-0.32
"100",188804,-0.09
"101",188805,-0.08
"102",188806,0.05
"103",188807,0.03
"104",188808,-0.17
"105",188809,-0.03
"106",188810,0.03
"107",188811,-0.16
"108",188812,0
"109",188901,-0.23
"110",188902,0.03
"111",188903,0.14
"112",188904,0.12
"113",188905,-0.07
"114",188906,-0.08
"115",188907,-0.17
"116",188908,-0.1
"117",188909,-0.28
"118",188910,-0.32
"119",188911,-0.53
"120",188912,-0.3
"121",189001,-0.49
"122",189002,-0.57
"123",189003,-0.32
"124",189004,-0.16
"125",189005,-0.44
"126",189006,-0.28
"127",189007,-0.27
"128",189008,-0.4
"129",189009,-0.41
"130",189010,-0.28
"131",189011,-0.43
"132",189012,-0.31
"133",189101,-0.55
"134",189102,-0.82
"135",189103,-0.24
"136",189104,-0.28
"137",189105,-0.19
"138",189106,-0.2
"139",189107,-0.17
"140",189108,-0.17
"141",189109,-0.02
"142",189110,-0.35
"143",189111,-0.57
"144",189112,0.06
"145",189201,-0.32
"146",189202,-0.19
"147",189203,-0.46
"148",189204,-0.35
"149",189205,-0.37
"150",189206,-0.26
"151",189207,-0.32
"152",189208,-0.33
"153",189209,-0.23
"154",189210,-0.32
"155",189211,-0.81
"156",189212,-0.7
"157",189301,-1.27
"158",189302,-0.99
"159",189303,-0.33
"160",189304,-0.38
"161",189305,-0.46
"162",189306,-0.22
"163",189307,-0.21
"164",189308,-0.38
"165",189309,-0.3
"166",189310,-0.25
"167",189311,-0.18
"168",189312,-0.36
"169",189401,-0.71
"170",189402,-0.26
"171",189403,-0.17
"172",189404,-0.29
"173",189405,-0.26
"174",189406,-0.37
"175",189407,-0.22
"176",189408,-0.32
"177",189409,-0.26
"178",189410,-0.23
"179",189411,-0.49
"180",189412,-0.35
"181",189501,-0.7
"182",189502,-0.68
"183",189503,-0.33
"184",189504,-0.11
"185",189505,-0.18
"186",189506,-0.39
"187",189507,-0.2
"188",189508,-0.33
"189",189509,-0.12
"190",189510,-0.17
"191",189511,-0.18
"192",189512,-0.12
"193",189601,-0.19
"194",189602,-0.11
"195",189603,-0.4
"196",189604,-0.42
"197",189605,-0.07
"198",189606,0.01
"199",189607,-0.03
"200",189608,-0.05
"201",189609,-0.05
"202",189610,-0.04
"203",189611,-0.35
"204",189612,0.02
"205",189701,-0.32
"206",189702,-0.26
"207",189703,-0.44
"208",189704,-0.03
"209",189705,0.04
"210",189706,-0.13
"211",189707,0.02
"212",189708,-0.05
"213",189709,0.03
"214",189710,-0.22
"215",189711,-0.38
"216",189712,-0.46
"217",189801,0.08
"218",189802,-0.31
"219",189803,-0.89
"220",189804,-0.32
"221",189805,-0.31
"222",189806,-0.19
"223",189807,-0.17
"224",189808,-0.21
"225",189809,-0.17
"226",189810,-0.33
"227",189811,-0.26
"228",189812,0.1
"229",189901,-0.01
"230",189902,-0.42
"231",189903,-0.35
"232",189904,-0.15
"233",189905,-0.12
"234",189906,-0.25
"235",189907,-0.18
"236",189908,-0.08
"237",189909,-0.06
"238",189910,0.07
"239",189911,0.38
"240",189912,-0.27
"241",190001,-0.32
"242",190002,-0.21
"243",190003,0.09
"244",190004,-0.06
"245",190005,0.08
"246",190006,0.02
"247",190007,-0.03
"248",190008,-0.01
"249",190009,-0.05
"250",190010,0.16
"251",190011,-0.18
"252",190012,0.17
"253",190101,-0.11
"254",190102,-0.03
"255",190103,0.14
"256",190104,0.07
"257",190105,-0.12
"258",190106,-0.06
"259",190107,0
"260",190108,-0.02
"261",190109,-0.17
"262",190110,-0.26
"263",190111,-0.06
"264",190112,-0.26
"265",190201,0.03
"266",190202,0.12
"267",190203,-0.16
"268",190204,-0.37
"269",190205,-0.36
"270",190206,-0.41
"271",190207,-0.34
"272",190208,-0.22
"273",190209,-0.22
"274",190210,-0.24
"275",190211,-0.41
"276",190212,-0.45
"277",190301,-0.09
"278",190302,0.1
"279",190303,-0.28
"280",190304,-0.37
"281",190305,-0.45
"282",190306,-0.47
"283",190307,-0.34
"284",190308,-0.5
"285",190309,-0.38
"286",190310,-0.48
"287",190311,-0.39
"288",190312,-0.38
"289",190401,-0.58
"290",190402,-0.45
"291",190403,-0.55
"292",190404,-0.54
"293",190405,-0.41
"294",190406,-0.5
"295",190407,-0.55
"296",190408,-0.46
"297",190409,-0.58
"298",190410,-0.45
"299",190411,-0.06
"300",190412,-0.21
"301",190501,-0.41
"302",190502,-0.79
"303",190503,-0.5
"304",190504,-0.62
"305",190505,-0.31
"306",190506,-0.24
"307",190507,-0.14
"308",190508,-0.22
"309",190509,-0.16
"310",190510,-0.29
"311",190511,0.01
"312",190512,-0.18
"313",190601,-0.32
"314",190602,-0.42
"315",190603,-0.14
"316",190604,0.03
"317",190605,-0.22
"318",190606,-0.14
"319",190607,-0.28
"320",190608,-0.19
"321",190609,-0.3
"322",190610,-0.28
"323",190611,-0.37
"324",190612,0.03
"325",190701,-0.36
"326",190702,-0.47
"327",190703,-0.3
"328",190704,-0.39
"329",190705,-0.6
"330",190706,-0.44
"331",190707,-0.44
"332",190708,-0.44
"333",190709,-0.45
"334",190710,-0.35
"335",190711,-0.64
"336",190712,-0.41
"337",190801,-0.31
"338",190802,-0.34
"339",190803,-0.76
"340",190804,-0.55
"341",190805,-0.38
"342",190806,-0.41
"343",190807,-0.45
"344",190808,-0.53
"345",190809,-0.36
"346",190810,-0.6
"347",190811,-0.56
"348",190812,-0.39
"349",190901,-0.61
"350",190902,-0.48
"351",190903,-0.65
"352",190904,-0.62
"353",190905,-0.43
"354",190906,-0.43
"355",190907,-0.43
"356",190908,-0.31
"357",190909,-0.38
"358",190910,-0.38
"359",190911,-0.12
"360",190912,-0.31
"361",191001,-0.19
"362",191002,-0.33
"363",191003,-0.38
"364",191004,-0.32
"365",191005,-0.31
"366",191006,-0.44
"367",191007,-0.37
"368",191008,-0.37
"369",191009,-0.37
"370",191010,-0.38
"371",191011,-0.5
"372",191012,-0.6
"373",191101,-0.54
"374",191102,-0.51
"375",191103,-0.56
"376",191104,-0.48
"377",191105,-0.41
"378",191106,-0.3
"379",191107,-0.47
"380",191108,-0.44
"381",191109,-0.32
"382",191110,-0.35
"383",191111,-0.28
"384",191112,-0.38
"385",191201,-0.42
"386",191202,-0.13
"387",191203,-0.56
"388",191204,-0.28
"389",191205,-0.27
"390",191206,-0.26
"391",191207,-0.4
"392",191208,-0.64
"393",191209,-0.71
"394",191210,-0.73
"395",191211,-0.54
"396",191212,-0.51
"397",191301,-0.47
"398",191302,-0.55
"399",191303,-0.46
"400",191304,-0.45
"401",191305,-0.5
"402",191306,-0.52
"403",191307,-0.54
"404",191308,-0.43
"405",191309,-0.44
"406",191310,-0.4
"407",191311,-0.1
"408",191312,0.06
"409",191401,0.29
"410",191402,-0.09
"411",191403,-0.2
"412",191404,-0.33
"413",191405,-0.19
"414",191406,-0.26
"415",191407,-0.31
"416",191408,-0.26
"417",191409,-0.23
"418",191410,-0.1
"419",191411,-0.2
"420",191412,-0.16
"421",191501,-0.13
"422",191502,-0.03
"423",191503,-0.16
"424",191504,-0.02
"425",191505,-0.09
"426",191506,-0.11
"427",191507,-0.04
"428",191508,-0.07
"429",191509,-0.12
"430",191510,-0.2
"431",191511,0.07
"432",191512,0.09
"433",191601,-0.12
"434",191602,-0.13
"435",191603,-0.39
"436",191604,-0.2
"437",191605,-0.27
"438",191606,-0.4
"439",191607,-0.25
"440",191608,-0.29
"441",191609,-0.35
"442",191610,-0.28
"443",191611,-0.36
"444",191612,-0.71
"445",191701,-0.44
"446",191702,-0.47
"447",191703,-0.53
"448",191704,-0.36
"449",191705,-0.51
"450",191706,-0.37
"451",191707,-0.23
"452",191708,-0.25
"453",191709,-0.14
"454",191710,-0.38
"455",191711,-0.01
"456",191712,-0.74
"457",191801,-0.2
"458",191802,-0.25
"459",191803,-0.11
"460",191804,-0.34
"461",191805,-0.35
"462",191806,-0.26
"463",191807,-0.23
"464",191808,-0.18
"465",191809,-0.16
"466",191810,-0.09
"467",191811,-0.22
"468",191812,-0.5
"469",191901,-0.43
"470",191902,-0.16
"471",191903,-0.34
"472",191904,-0.13
"473",191905,-0.37
"474",191906,-0.35
"475",191907,-0.25
"476",191908,-0.21
"477",191909,-0.14
"478",191910,-0.24
"479",191911,-0.42
"480",191912,-0.39
"481",192001,-0.08
"482",192002,-0.25
"483",192003,-0.02
"484",192004,-0.26
"485",192005,-0.15
"486",192006,-0.25
"487",192007,-0.21
"488",192008,-0.27
"489",192009,-0.29
"490",192010,-0.3
"491",192011,-0.37
"492",192012,-0.53
"493",192101,0.13
"494",192102,-0.1
"495",192103,-0.07
"496",192104,-0.05
"497",192105,-0.11
"498",192106,-0.09
"499",192107,-0.03
"500",192108,-0.2
"501",192109,-0.12
"502",192110,-0.01
"503",192111,-0.21
"504",192112,0
"505",192201,-0.39
"506",192202,-0.38
"507",192203,-0.05
"508",192204,-0.13
"509",192205,-0.16
"510",192206,-0.2
"511",192207,-0.25
"512",192208,-0.27
"513",192209,-0.29
"514",192210,-0.26
"515",192211,-0.18
"516",192212,-0.12
"517",192301,-0.12
"518",192302,-0.52
"519",192303,-0.35
"520",192304,-0.47
"521",192305,-0.27
"522",192306,-0.19
"523",192307,-0.25
"524",192308,-0.25
"525",192309,-0.15
"526",192310,-0.03
"527",192311,0.2
"528",192312,0.12
"529",192401,-0.31
"530",192402,-0.16
"531",192403,-0.06
"532",192404,-0.2
"533",192405,-0.17
"534",192406,-0.14
"535",192407,-0.16
"536",192408,-0.19
"537",192409,-0.19
"538",192410,-0.2
"539",192411,-0.08
"540",192412,-0.35
"541",192501,-0.25
"542",192502,-0.27
"543",192503,-0.09
"544",192504,-0.05
"545",192505,-0.1
"546",192506,-0.17
"547",192507,-0.15
"548",192508,-0.08
"549",192509,0.03
"550",192510,-0.04
"551",192511,0.18
"552",192512,0.25
"553",192601,0.4
"554",192602,0.24
"555",192603,0.21
"556",192604,-0.13
"557",192605,-0.07
"558",192606,-0.07
"559",192607,-0.13
"560",192608,-0.06
"561",192609,-0.02
"562",192610,0.04
"563",192611,0.13
"564",192612,-0.13
"565",192701,-0.13
"566",192702,-0.13
"567",192703,-0.24
"568",192704,-0.18
"569",192705,-0.16
"570",192706,-0.14
"571",192707,0
"572",192708,-0.07
"573",192709,0.08
"574",192710,0.2
"575",192711,0.08
"576",192712,-0.32
"577",192801,0.14
"578",192802,0
"579",192803,-0.26
"580",192804,-0.29
"581",192805,-0.06
"582",192806,-0.23
"583",192807,-0.11
"584",192808,-0.17
"585",192809,-0.15
"586",192810,-0.06
"587",192811,0.02
"588",192812,-0.09
"589",192901,-0.63
"590",192902,-0.75
"591",192903,-0.11
"592",192904,-0.22
"593",192905,-0.19
"594",192906,-0.22
"595",192907,-0.23
"596",192908,-0.11
"597",192909,-0.12
"598",192910,-0.01
"599",192911,0
"600",192912,-0.64
"601",193001,-0.26
"602",193002,-0.15
"603",193003,0.14
"604",193004,-0.15
"605",193005,-0.18
"606",193006,-0.1
"607",193007,0.03
"608",193008,0.04
"609",193009,-0.01
"610",193010,0.12
"611",193011,0.3
"612",193012,0.13
"613",193101,0.04
"614",193102,-0.35
"615",193103,0.06
"616",193104,-0.15
"617",193105,-0.11
"618",193106,0.12
"619",193107,0.09
"620",193108,0.08
"621",193109,0.16
"622",193110,0.2
"623",193111,0.03
"624",193112,-0.01
"625",193201,0.37
"626",193202,-0.23
"627",193203,-0.23
"628",193204,0.08
"629",193205,-0.11
"630",193206,-0.09
"631",193207,-0.01
"632",193208,-0.05
"633",193209,0.1
"634",193210,0.09
"635",193211,-0.2
"636",193212,-0.15
"637",193301,-0.35
"638",193302,-0.42
"639",193303,-0.28
"640",193304,-0.21
"641",193305,-0.2
"642",193306,-0.18
"643",193307,-0.09
"644",193308,-0.13
"645",193309,-0.17
"646",193310,-0.11
"647",193311,-0.15
"648",193312,-0.48
"649",193401,-0.31
"650",193402,0.27
"651",193403,-0.27
"652",193404,-0.23
"653",193405,0.07
"654",193406,0.03
"655",193407,-0.03
"656",193408,-0.03
"657",193409,-0.14
"658",193410,0.03
"659",193411,0.2
"660",193412,0.12
"661",193501,-0.34
"662",193502,0.53
"663",193503,-0.01
"664",193504,-0.25
"665",193505,-0.21
"666",193506,-0.09
"667",193507,-0.01
"668",193508,-0.01
"669",193509,-0.01
"670",193510,0.12
"671",193511,-0.35
"672",193512,-0.16
"673",193601,-0.28
"674",193602,-0.42
"675",193603,-0.14
"676",193604,-0.08
"677",193605,0.01
"678",193606,0.07
"679",193607,0.14
"680",193608,0.06
"681",193609,0.1
"682",193610,0.05
"683",193611,0.09
"684",193612,0.15
"685",193701,-0.16
"686",193702,0.17
"687",193703,-0.21
"688",193704,-0.06
"689",193705,0.11
"690",193706,0.18
"691",193707,0.15
"692",193708,0.2
"693",193709,0.3
"694",193710,0.28
"695",193711,0.07
"696",193712,-0.08
"697",193801,0.09
"698",193802,0.09
"699",193803,0.21
"700",193804,0.23
"701",193805,0.05
"702",193806,-0.05
"703",193807,0.01
"704",193808,0.12
"705",193809,0.15
"706",193810,0.15
"707",193811,0.13
"708",193812,-0.32
"709",193901,-0.12
"710",193902,-0.05
"711",193903,-0.25
"712",193904,-0.12
"713",193905,0
"714",193906,-0.01
"715",193907,0.07
"716",193908,0.11
"717",193909,0.12
"718",193910,0.01
"719",193911,0.15
"720",193912,0.69
"721",194001,-0.27
"722",194002,0.05
"723",194003,0.09
"724",194004,0.17
"725",194005,0.05
"726",194006,0.13
"727",194007,0.17
"728",194008,0.06
"729",194009,0.18
"730",194010,0.11
"731",194011,0.14
"732",194012,0.28
"733",194101,0.18
"734",194102,0.33
"735",194103,0.1
"736",194104,0.19
"737",194105,0.22
"738",194106,0.17
"739",194107,0.21
"740",194108,0.18
"741",194109,0.11
"742",194110,0.35
"743",194111,0.17
"744",194112,0.13
"745",194201,0.3
"746",194202,-0.02
"747",194203,0.14
"748",194204,0.15
"749",194205,0.14
"750",194206,0.19
"751",194207,0.07
"752",194208,0.01
"753",194209,0.16
"754",194210,0.25
"755",194211,0.29
"756",194212,0.19
"757",194301,-0.13
"758",194302,0.27
"759",194303,0.05
"760",194304,0.27
"761",194305,0.19
"762",194306,-0.01
"763",194307,0.13
"764",194308,0.16
"765",194309,0.18
"766",194310,0.39
"767",194311,0.3
"768",194312,0.44
"769",194401,0.5
"770",194402,0.36
"771",194403,0.37
"772",194404,0.17
"773",194405,0.28
"774",194406,0.24
"775",194407,0.22
"776",194408,0.18
"777",194409,0.38
"778",194410,0.35
"779",194411,0.12
"780",194412,0.01
"781",194501,0.09
"782",194502,-0.16
"783",194503,0.04
"784",194504,0.22
"785",194505,0.12
"786",194506,0.11
"787",194507,0.08
"788",194508,0.29
"789",194509,0.19
"790",194510,0.24
"791",194511,0.14
"792",194512,-0.14
"793",194601,0.31
"794",194602,0.15
"795",194603,0.02
"796",194604,0.36
"797",194605,0.01
"798",194606,0.03
"799",194607,0.05
"800",194608,0.07
"801",194609,0.02
"802",194610,0.09
"803",194611,0.05
"804",194612,-0.41
"805",194701,-0.3
"806",194702,-0.11
"807",194703,0.15
"808",194704,0.1
"809",194705,-0.02
"810",194706,-0.01
"811",194707,0.01
"812",194708,-0.03
"813",194709,-0.03
"814",194710,0.26
"815",194711,0.02
"816",194712,-0.12
"817",194801,0.24
"818",194802,-0.1
"819",194803,-0.23
"820",194804,0.01
"821",194805,0.3
"822",194806,0.09
"823",194807,0.05
"824",194808,0.11
"825",194809,-0.01
"826",194810,-0.02
"827",194811,0.03
"828",194812,-0.15
"829",194901,0.28
"830",194902,-0.13
"831",194903,-0.09
"832",194904,0.06
"833",194905,0.08
"834",194906,-0.12
"835",194907,-0.06
"836",194908,0.02
"837",194909,-0.06
"838",194910,0.05
"839",194911,0.04
"840",194912,-0.22
"841",195001,-0.41
"842",195002,-0.29
"843",195003,0
"844",195004,-0.16
"845",195005,-0.01
"846",195006,-0.05
"847",195007,-0.17
"848",195008,-0.21
"849",195009,-0.1
"850",195010,-0.1
"851",195011,-0.43
"852",195012,-0.07
"853",195101,-0.28
"854",195102,-0.5
"855",195103,-0.16
"856",195104,0.06
"857",195105,0.18
"858",195106,0.04
"859",195107,0.19
"860",195108,0.27
"861",195109,0.29
"862",195110,0.23
"863",195111,0.1
"864",195112,0.44
"865",195201,0.2
"866",195202,0.07
"867",195203,-0.19
"868",195204,0.13
"869",195205,0.1
"870",195206,0.18
"871",195207,0.16
"872",195208,0.1
"873",195209,0.14
"874",195210,-0.07
"875",195211,-0.34
"876",195212,-0.04
"877",195301,0.17
"878",195302,0.26
"879",195303,0.25
"880",195304,0.26
"881",195305,0.21
"882",195306,0.18
"883",195307,0.18
"884",195308,0.17
"885",195309,0.14
"886",195310,0.17
"887",195311,-0.07
"888",195312,0.16
"889",195401,-0.3
"890",195402,-0.08
"891",195403,-0.13
"892",195404,-0.13
"893",195405,-0.16
"894",195406,-0.02
"895",195407,-0.04
"896",195408,0
"897",195409,0.03
"898",195410,0
"899",195411,0.18
"900",195412,-0.2
"901",195501,0.31
"902",195502,-0.09
"903",195503,-0.4
"904",195504,-0.23
"905",195505,-0.03
"906",195506,-0.03
"907",195507,0.01
"908",195508,0.1
"909",195509,0.01
"910",195510,0.03
"911",195511,-0.19
"912",195512,-0.23
"913",195601,-0.14
"914",195602,-0.37
"915",195603,-0.24
"916",195604,-0.25
"917",195605,-0.19
"918",195606,-0.12
"919",195607,-0.17
"920",195608,-0.18
"921",195609,-0.26
"922",195610,-0.22
"923",195611,-0.23
"924",195612,-0.21
"925",195701,-0.19
"926",195702,-0.17
"927",195703,-0.18
"928",195704,-0.1
"929",195705,0
"930",195706,0.13
"931",195707,0.07
"932",195708,0.17
"933",195709,0.17
"934",195710,0.04
"935",195711,0.19
"936",195712,0.44
"937",195801,0.54
"938",195802,0.32
"939",195803,0.19
"940",195804,0.13
"941",195805,0.12
"942",195806,0.05
"943",195807,0.04
"944",195808,0.13
"945",195809,0.06
"946",195810,0.07
"947",195811,0.14
"948",195812,0.25
"949",195901,0.21
"950",195902,0.09
"951",195903,0.32
"952",195904,0.17
"953",195905,0.04
"954",195906,0.15
"955",195907,0.06
"956",195908,0.09
"957",195909,0.16
"958",195910,-0.07
"959",195911,-0.19
"960",195912,0
"961",196001,0.02
"962",196002,0.42
"963",196003,-0.37
"964",196004,-0.1
"965",196005,-0.06
"966",196006,0.16
"967",196007,0.08
"968",196008,0.1
"969",196009,0.11
"970",196010,0.01
"971",196011,-0.09
"972",196012,0.36
"973",196101,0.17
"974",196102,0.26
"975",196103,0.23
"976",196104,0.12
"977",196105,0.16
"978",196106,0.19
"979",196107,0.07
"980",196108,0.07
"981",196109,-0.05
"982",196110,-0.13
"983",196111,0.03
"984",196112,-0.05
"985",196201,0.28
"986",196202,0.32
"987",196203,0.21
"988",196204,0.17
"989",196205,0.12
"990",196206,-0.05
"991",196207,0.13
"992",196208,0.07
"993",196209,0.03
"994",196210,0.11
"995",196211,0.06
"996",196212,0.17
"997",196301,0.16
"998",196302,0.53
"999",196303,-0.01
"1000",196304,0
"1001",196305,0.01
"1002",196306,0.04
"1003",196307,0.19
"1004",196308,0.21
"1005",196309,0.21
"1006",196310,0.37
"1007",196311,0.4
"1008",196312,0.15
"1009",196401,0.11
"1010",196402,-0.14
"1011",196403,-0.23
"1012",196404,-0.23
"1013",196405,-0.02
"1014",196406,-0.01
"1015",196407,-0.06
"1016",196408,-0.21
"1017",196409,-0.27
"1018",196410,-0.33
"1019",196411,-0.18
"1020",196412,-0.25
"1021",196501,-0.02
"1022",196502,-0.39
"1023",196503,-0.08
"1024",196504,-0.23
"1025",196505,-0.08
"1026",196506,-0.12
"1027",196507,-0.1
"1028",196508,-0.15
"1029",196509,-0.14
"1030",196510,0.05
"1031",196511,-0.1
"1032",196512,0.02
"1033",196601,-0.08
"1034",196602,0.03
"1035",196603,0.11
"1036",196604,-0.11
"1037",196605,0.03
"1038",196606,0.09
"1039",196607,0.15
"1040",196608,0.16
"1041",196609,0.13
"1042",196610,0.02
"1043",196611,-0.03
"1044",196612,-0.18
"1045",196701,-0.15
"1046",196702,-0.24
"1047",196703,0.15
"1048",196704,0.08
"1049",196705,0.19
"1050",196706,0.03
"1051",196707,0.07
"1052",196708,0.08
"1053",196709,0
"1054",196710,0.23
"1055",196711,0.02
"1056",196712,0.03
"1057",196801,-0.28
"1058",196802,-0.09
"1059",196803,0.45
"1060",196804,0.03
"1061",196805,0.01
"1062",196806,0.02
"1063",196807,-0.01
"1064",196808,-0.01
"1065",196809,-0.02
"1066",196810,0
"1067",196811,-0.07
"1068",196812,-0.2
"1069",196901,-0.5
"1070",196902,-0.42
"1071",196903,0.01
"1072",196904,0.12
"1073",196905,0.08
"1074",196906,0.01
"1075",196907,0.07
"1076",196908,0.07
"1077",196909,0.06
"1078",196910,-0.03
"1079",196911,0.2
"1080",196912,0.3
"1081",197001,0.01
"1082",197002,0.27
"1083",197003,-0.09
"1084",197004,0.08
"1085",197005,0.01
"1086",197006,0.04
"1087",197007,-0.01
"1088",197008,-0.02
"1089",197009,-0.04
"1090",197010,-0.18
"1091",197011,-0.03
"1092",197012,-0.2
"1093",197101,-0.03
"1094",197102,-0.31
"1095",197103,-0.23
"1096",197104,-0.16
"1097",197105,-0.1
"1098",197106,-0.12
"1099",197107,-0.13
"1100",197108,-0.16
"1101",197109,-0.16
"1102",197110,-0.18
"1103",197111,0.08
"1104",197112,-0.02
"1105",197201,-0.61
"1106",197202,-0.48
"1107",197203,-0.07
"1108",197204,-0.02
"1109",197205,-0.09
"1110",197206,-0.02
"1111",197207,-0.02
"1112",197208,-0.05
"1113",197209,-0.22
"1114",197210,-0.08
"1115",197211,-0.16
"1116",197212,0.02
"1117",197301,0.08
"1118",197302,0.39
"1119",197303,0.32
"1120",197304,0.18
"1121",197305,0.16
"1122",197306,0.17
"1123",197307,0.05
"1124",197308,0.02
"1125",197309,-0.05
"1126",197310,-0.06
"1127",197311,-0.05
"1128",197312,0.07
"1129",197401,-0.38
"1130",197402,-0.4
"1131",197403,-0.04
"1132",197404,-0.06
"1133",197405,-0.15
"1134",197406,-0.14
"1135",197407,-0.09
"1136",197408,-0.12
"1137",197409,-0.11
"1138",197410,-0.23
"1139",197411,-0.2
"1140",197412,-0.23
"1141",197501,0.16
"1142",197502,0
"1143",197503,0.17
"1144",197504,0.07
"1145",197505,0.01
"1146",197506,-0.04
"1147",197507,-0.07
"1148",197508,-0.12
"1149",197509,-0.05
"1150",197510,-0.15
"1151",197511,-0.25
"1152",197512,-0.1
"1153",197601,0.06
"1154",197602,-0.21
"1155",197603,-0.41
"1156",197604,0
"1157",197605,-0.19
"1158",197606,-0.19
"1159",197607,-0.22
"1160",197608,-0.18
"1161",197609,-0.11
"1162",197610,-0.45
"1163",197611,-0.28
"1164",197612,-0.19
"1165",197701,-0.3
"1166",197702,0.1
"1167",197703,0.32
"1168",197704,0.26
"1169",197705,0.22
"1170",197706,0.24
"1171",197707,0.09
"1172",197708,0.03
"1173",197709,0.15
"1174",197710,-0.02
"1175",197711,0.28
"1176",197712,0.04
"1177",197801,0.15
"1178",197802,0.09
"1179",197803,0.23
"1180",197804,0.16
"1181",197805,-0.04
"1182",197806,-0.06
"1183",197807,-0.08
"1184",197808,-0.12
"1185",197809,0.02
"1186",197810,0.04
"1187",197811,0.22
"1188",197812,0.07
"1189",197901,0.01
"1190",197902,-0.11
"1191",197903,0.19
"1192",197904,-0.09
"1193",197905,0.05
"1194",197906,0.14
"1195",197907,0.06
"1196",197908,0.08
"1197",197909,0.2
"1198",197910,0.2
"1199",197911,0.17
"1200",197912,0.57
"1201",198001,0.2
"1202",198002,0.27
"1203",198003,0
"1204",198004,0.21
"1205",198005,0.23
"1206",198006,0.23
"1207",198007,0.16
"1208",198008,0.12
"1209",198009,0.12
"1210",198010,0.07
"1211",198011,0.31
"1212",198012,0.17
"1213",198101,0.64
"1214",198102,0.49
"1215",198103,0.59
"1216",198104,0.4
"1217",198105,0.2
"1218",198106,0.28
"1219",198107,0.15
"1220",198108,0.19
"1221",198109,0.16
"1222",198110,0.15
"1223",198111,0.21
"1224",198112,0.53
"1225",198201,-0.03
"1226",198202,0.13
"1227",198203,0.01
"1228",198204,0.21
"1229",198205,0.14
"1230",198206,0.07
"1231",198207,0.08
"1232",198208,-0.01
"1233",198209,0.11
"1234",198210,0.05
"1235",198211,-0.06
"1236",198212,0.42
"1237",198301,0.49
"1238",198302,0.37
"1239",198303,0.36
"1240",198304,0.14
"1241",198305,0.13
"1242",198306,0.15
"1243",198307,0.23
"1244",198308,0.3
"1245",198309,0.26
"1246",198310,0.11
"1247",198311,0.54
"1248",198312,0.19
"1249",198401,0.25
"1250",198402,-0.01
"1251",198403,0.24
"1252",198404,0.05
"1253",198405,0.29
"1254",198406,0.08
"1255",198407,0.05
"1256",198408,0.09
"1257",198409,-0.01
"1258",198410,-0.04
"1259",198411,-0.17
"1260",198412,-0.45
"1261",198501,0.02
"1262",198502,-0.31
"1263",198503,0.03
"1264",198504,0.04
"1265",198505,0.08
"1266",198506,0.04
"1267",198507,-0.09
"1268",198508,-0.01
"1269",198509,-0.03
"1270",198510,-0.02
"1271",198511,-0.01
"1272",198512,0.12
"1273",198601,0.37
"1274",198602,0.24
"1275",198603,0.27
"1276",198604,0.21
"1277",198605,0.17
"1278",198606,0.17
"1279",198607,0.04
"1280",198608,0.07
"1281",198609,0.05
"1282",198610,0.09
"1283",198611,0.02
"1284",198612,0.1
"1285",198701,0.21
"1286",198702,0.57
"1287",198703,0.07
"1288",198704,0.09
"1289",198705,0.27
"1290",198706,0.2
"1291",198707,0.32
"1292",198708,0.33
"1293",198709,0.41
"1294",198710,0.21
"1295",198711,0.13
"1296",198712,0.6
"1297",198801,0.53
"1298",198802,0.27
"1299",198803,0.45
"1300",198804,0.46
"1301",198805,0.37
"1302",198806,0.42
"1303",198807,0.41
"1304",198808,0.27
"1305",198809,0.28
"1306",198810,0.22
"1307",198811,0.19
"1308",198812,0.45
"1309",198901,0.15
"1310",198902,0.32
"1311",198903,0.39
"1312",198904,0.28
"1313",198905,0.27
"1314",198906,0.27
"1315",198907,0.32
"1316",198908,0.28
"1317",198909,0.28
"1318",198910,0.27
"1319",198911,0.18
"1320",198912,0.44
"1321",199001,0.34
"1322",199002,0.43
"1323",199003,1.02
"1324",199004,0.53
"1325",199005,0.41
"1326",199006,0.44
"1327",199007,0.27
"1328",199008,0.34
"1329",199009,0.35
"1330",199010,0.45
"1331",199011,0.5
"1332",199012,0.46
"1333",199101,0.54
"1334",199102,0.53
"1335",199103,0.33
"1336",199104,0.57
"1337",199105,0.32
"1338",199106,0.42
"1339",199107,0.42
"1340",199108,0.35
"1341",199109,0.34
"1342",199110,0.28
"1343",199111,0.3
"1344",199112,0.23
"1345",199201,0.57
"1346",199202,0.45
"1347",199203,0.4
"1348",199204,0.12
"1349",199205,0.2
"1350",199206,0.14
"1351",199207,-0.01
"1352",199208,0.02
"1353",199209,-0.15
"1354",199210,-0.04
"1355",199211,-0.03
"1356",199212,0.27
"1357",199301,0.4
"1358",199302,0.46
"1359",199303,0.44
"1360",199304,0.22
"1361",199305,0.28
"1362",199306,0.24
"1363",199307,0.11
"1364",199308,0.1
"1365",199309,0.02
"1366",199310,0.14
"1367",199311,-0.14
"1368",199312,0.35
"1369",199401,0.26
"1370",199402,-0.1
"1371",199403,0.43
"1372",199404,0.41
"1373",199405,0.35
"1374",199406,0.41
"1375",199407,0.32
"1376",199408,0.35
"1377",199409,0.32
"1378",199410,0.51
"1379",199411,0.52
"1380",199412,0.35
"1381",199501,0.69
"1382",199502,0.96
"1383",199503,0.54
"1384",199504,0.48
"1385",199505,0.33
"1386",199506,0.51
"1387",199507,0.42
"1388",199508,0.57
"1389",199509,0.38
"1390",199510,0.53
"1391",199511,0.51
"1392",199512,0.42
"1393",199601,0.22
"1394",199602,0.52
"1395",199603,0.22
"1396",199604,0.17
"1397",199605,0.38
"1398",199606,0.32
"1399",199607,0.33
"1400",199608,0.27
"1401",199609,0.19
"1402",199610,0.08
"1403",199611,0.18
"1404",199612,0.37
"1405",199701,0.42
"1406",199702,0.52
"1407",199703,0.57
"1408",199704,0.52
"1409",199705,0.44
"1410",199706,0.54
"1411",199707,0.52
"1412",199708,0.54
"1413",199709,0.6
"1414",199710,0.66
"1415",199711,0.54
"1416",199712,0.58
"1417",199801,0.56
"1418",199802,1.07
"1419",199803,0.63
"1420",199804,0.82
"1421",199805,0.67
"1422",199806,0.7
"1423",199807,0.8
"1424",199808,0.76
"1425",199809,0.58
"1426",199810,0.5
"1427",199811,0.36
"1428",199812,0.72
"1429",199901,0.59
"1430",199902,0.95
"1431",199903,0.26
"1432",199904,0.56
"1433",199905,0.44
"1434",199906,0.43
"1435",199907,0.43
"1436",199908,0.39
"1437",199909,0.41
"1438",199910,0.43
"1439",199911,0.44
"1440",199912,0.78
"1441",200001,0.34
"1442",200002,0.69
"1443",200003,0.73
"1444",200004,0.84
"1445",200005,0.63
"1446",200006,0.46
"1447",200007,0.47
"1448",200008,0.54
"1449",200009,0.44
"1450",200010,0.24
"1451",200011,0.14
"1452",200012,0.24
"1453",200101,0.48
"1454",200102,0.33
"1455",200103,0.79
"1456",200104,0.61
"1457",200105,0.71
"1458",200106,0.58
"1459",200107,0.64
"1460",200108,0.69
"1461",200109,0.54
"1462",200110,0.54
"1463",200111,0.9
"1464",200112,0.56
"1465",200201,0.9
"1466",200202,1.09
"1467",200203,0.96
"1468",200204,0.52
"1469",200205,0.51
"1470",200206,0.67
"1471",200207,0.7
"1472",200208,0.55
"1473",200209,0.6
"1474",200210,0.38
"1475",200211,0.67
"1476",200212,0.36
"1477",200301,0.81
"1478",200302,0.52
"1479",200303,0.57
"1480",200304,0.57
"1481",200305,0.68
"1482",200306,0.54
"1483",200307,0.59
"1484",200308,0.8
"1485",200309,0.75
"1486",200310,0.9
"1487",200311,0.61
"1488",200312,0.95
"1489",200401,0.68
"1490",200402,0.89
"1491",200403,0.86
"1492",200404,0.66
"1493",200405,0.51
"1494",200406,0.51
"1495",200407,0.56
"1496",200408,0.57
"1497",200409,0.61
"1498",200410,0.66
"1499",200411,0.97
"1500",200412,0.49
"1501",200501,0.74
"1502",200502,0.49
"1503",200503,0.82
"1504",200504,0.89
"1505",200505,0.76
"1506",200506,0.77
"1507",200507,0.78
"1508",200508,0.71
"1509",200509,0.87
"1510",200510,0.84
"1511",200511,0.94
"1512",200512,0.75
"1513",200601,0.4
"1514",200602,0.72
"1515",200603,0.7
"1516",200604,0.55
"1517",200605,0.69
"1518",200606,0.79
"1519",200607,0.69
"1520",200608,0.73
"1521",200609,0.75
"1522",200610,0.82
"1523",200611,0.76
"1524",200612,1.02
"1525",200701,1.23
"1526",200702,0.75
"1527",200703,0.84
"1528",200704,0.92
"1529",200705,0.71
"1530",200706,0.65
"1531",200707,0.62
"1532",200708,0.69
"1533",200709,0.65
"1534",200710,0.69
"1535",200711,0.7
"1536",200712,0.66
"1537",200801,0.21
"1538",200802,0.42
"1539",200803,1.13
"1540",200804,0.61
"1541",200805,0.58
"1542",200806,0.66
"1543",200807,0.63
"1544",200808,0.64
"1545",200809,0.58
"1546",200810,0.81
"1547",200811,0.85
"1548",200812,0.6
"1549",200901,0.7
"1550",200902,0.65
"1551",200903,0.62
"1552",200904,0.72
"1553",200905,0.58
"1554",200906,0.71
"1555",200907,0.67
"1556",200908,0.71
"1557",200909,0.8
"1558",200910,0.69
"1559",200911,0.65
"1560",200912,0.56
"1561",201001,0.71
"1562",201002,0.72
"1563",201003,0.97
"1564",201004,0.95
"1565",201005,0.86
"1566",201006,0.86
"1567",201007,0.9
"1568",201008,0.84
"1569",201009,0.64
"1570",201010,0.77
"1571",201011,1.07
"1572",201012,0.53
"1573",201101,0.46
"1574",201102,0.51
"1575",201103,0.68
"1576",201104,0.8
"1577",201105,0.64
"1578",201106,0.75
"1579",201107,0.72
"1580",201108,0.7
"1581",201109,0.68
"1582",201110,0.8
"1583",201111,0.51
"1584",201112,0.7
"1585",201201,0.43
"1586",201202,0.38
"1587",201203,0.59
"1588",201204,0.95
"1589",201205,0.89
"1590",201206,0.87
"1591",201207,0.86
"1592",201208,0.74
"1593",201209,0.81
"1594",201210,0.76
"1595",201211,0.79
"1596",201212,0.35
"1597",201301,0.62
"1598",201302,0.71
"1599",201303,0.72
"1600",201304,0.58
"1601",201305,0.8
"1602",201306,0.78
"1603",201307,0.72
"1604",201308,0.75
"1605",201309,0.74
"1606",201310,0.75
"1607",201311,1.03
"1608",201312,0.78
"1609",201401,0.81
"1610",201402,0.45
"1611",201403,0.96
"1612",201404,0.96
"1613",201405,0.87
"1614",201406,0.89
"1615",201407,0.82
"1616",201408,0.98
"1617",201409,0.89
"1618",201410,0.86
"1619",201411,0.75
"1620",201412,1.03
